#,Keyword,Volume,KD,CPC,Current position
1,instagantt,1500,10,3.62,2
2,goal tracking software,350,58,4.89,4
3,visual project management software,600,12,9.34,4
4,project management services,2100,31,4.06,11
5,project management apps,1400,69,4.06,9
6,goal software,200,36,5.5,2
7,event planning tools,900,60,4.87,7
8,content calendar software,350,28,8.82,4
9,task management platform,300,46,5.95,5
10,small business workflow management software,200,13,11.81,4
11,task management workflow software,200,31,15.29,3
12,editorial calendar software,200,21,2.93,4
13,task management tool,1100,39,6.34,1
14,workflow management tool,500,15,15.38,8
15,work management tools,600,51,9,1
16,goals software,200,14,5.5,4
17,program management tools,700,34,6.29,1
18,workflow task management software,200,17,15.56,4
19,strategic planning software,700,52,7.91,12
20,best productivity software for small business,200,41,5.64,6
21,ai project management tools,800,48,6.18,13
22,task tracking software,600,43,8.39,10
23,task manager software,400,46,8.12,8
24,team task management app,250,52,5.55,8
25,agile management software,200,50,2.38,7
26,sales team management software,200,63,11.34,8
27,best content calendar tools,200,42,8.23,7
28,best workflow management software,400,14,7.42,11
29,small business project management software,400,66,11.36,1
30,workflow process software,250,37,10.39,9
31,agile product management software,200,16,6.46,8
32,project management workflow tools,200,23,14.85,9
33,project management platforms,800,58,8.12,14
34,resource planning tool,600,28,19.45,15
35,strategy management software,350,60,6.62,13
36,project management applications,500,64,6.47,14
37,management app,400,64,2.61,13
38,task and project management tools,200,54,8.53,11
39,task and project management software,200,48,8.12,11
40,managing project software,200,42,5.76,10
41,task managing software,200,52,8.12,11
42,office management softwares,300,57,7.86,15
43,best resource management software,300,61,18.3,14
44,digital kanban board,250,29,5.15,12
45,change control software,200,10,6.77,12
46,software for office management,200,68,6.1,13
47,best task management software for individuals,200,35,3.69,12
48,productivity tracking apps,200,46,3.41,8
49,dance studio software,450,29,8.01,12
50,ai project management tool,200,53,9.78,13
51,best ai for small business,250,49,6.5,16
52,best productivity software,250,23,2,17
53,dance studio management software,200,23,11.99,9
54,project management software for interior designers,200,43,7.8,9
55,agency project management software,700,14,18.16,21
56,what is the best project management software,800,35,4.99,22
57,business workflow tool,200,24,15.83,16
58,product roadmap tools,300,17,11.75,20
59,simple project management,300,43,4.26,19
60,social media calendar tool,200,57,8.43,16
61,social media calendar tools,300,54,8.43,18
62,top project management tools,400,55,7,21
63,best kanban software,500,10,8.48,23
64,nonprofit discount,400,51,4.12,22
65,best okr software,250,26,12.59,21
66,pmo tools,350,69,7.14,21
67,collaboration tool,600,60,2.06,21
68,project management tools and software,200,67,5.49,20
69,kanban tools,300,70,6.24,21
70,ai task management,250,24,5.08,21
71,marketing promos,200,43,3.78,21
72,task list software,250,69,13.17,22
73,ai task manager,800,22,4.88,27
74,kanban app,350,59,3.25,22
75,content planner,1400,67,4.09,31
76,work collaboration tools,250,65,5.77,23
77,employee training tracking software,350,17,15.13,25
78,best social media calendar,200,49,4.6,23
79,project app,300,45,4.15,23
80,top 10 project management tools,400,47,4.64,28
81,inventory tracking,700,25,12.23,29
82,personal project management,200,42,3.33,25
83,small business inventory control,200,52,14.64,25
84,best workflow tools,200,12,9.01,26
85,requirements management software,2000,24,6.16,35
86,workflow software,1700,22,6.37,9
87,top 10 project management software,250,69,3.76,27
88,human resources app,250,44,10.12,27
89,enterprise project management tool,200,12,6.31,28
90,what is the best event management software,200,41,6.36,27
91,easy project management software,200,53,11.9,27
92,best ai productivity apps,400,44,2.94,31
93,team building companies,500,47,2.25,32
94,project portfolio management system,200,16,7.96,28
95,project management training courses,800,38,5.65,34
96,simple project management software,600,52,10.44,33
97,mbo business,200,39,3.87,23
98,employee timesheet,600,44,4.47,34
99,grant management tools,250,11,19.25,30
100,software for managing business,400,39,3.75,34
101,rca software,250,10,6.56,31
102,product demo software,200,61,10.35,30
103,personal task management,250,56,3.16,32
104,retro board,200,55,2.87,31
105,kpi tracker,500,28,5.51,36
106,best work order software,300,13,15.48,34
107,project and portfolio management software,450,24,10.72,36
108,simple crm free,200,62,6.52,31
109,project controls software,200,66,7.99,33
110,project management courses online,1000,28,4.26,41
111,management certification online,200,39,4.34,33
112,best reporting software,200,10,5.86,34
113,project management software list,250,69,3.78,34
114,business management app,500,11,3.23,38
115,design project management software,200,30,11.36,35
116,value stream mapping software,400,12,5.96,39
117,small business inventory programs,200,48,16.19,35
118,social media planner,1900,39,4.25,47
119,requirement management software,200,13,5.23,36
120,best okr tools,200,14,18.73,10
121,fireflies ai notetaker,200,37,2.2,36
122,best database software for small business,450,27,6.96,39
123,fireflies note taker,900,31,2.2,44
124,incident management tools,300,14,9.63,40
125,application integration software,200,19,6.18,39
126,requirements management tool,250,26,3.72,39
127,product promotion examples,350,12,2.51,39
128,business plan app,250,31,4.44,39
129,project management course online,300,42,4.26,42
130,simple inventory management,600,39,10.8,48
131,okr app,350,26,10.08,43
132,inventory accounting software,400,66,14.81,45
133,business strategy software,250,65,6.62,44
134,small business software inventory,200,48,10.23,42
135,personal project management software,200,66,5.05,45
136,inventory management apps,350,41,8.22,48
137,best event management software,800,60,15,9
138,best subscription management software,200,37,14.65,46
139,project management scheduling tool,200,35,8.17,47
140,best work schedule app,200,46,4.9,48
141,employee onboarding software,1300,28,11.31,57
142,employee vacation tracking,200,26,6.05,49
143,business productivity software,200,20,7.02,48
144,equipment inventory software,400,49,19.76,52
145,work schedule maker,1500,70,4.03,60
146,best ai for business plan,350,66,5.65,53
147,firefly notetaker,500,31,2.2,54
148,inventory tracker,1500,48,8.72,57
149,project management software crm,200,10,6.7,50
150,client management app,600,12,8.94,57
151,inventory tracking software for small business,250,70,5.31,54
152,best construction software for small business,200,55,15.25,53
153,best website design companies for small business,500,10,7.42,57
154,inventory management small business software,200,48,5.31,55
155,content collaboration software,250,50,8.08,55
156,team communication apps,500,40,4.37,59
157,website management company,200,18,8.63,56
158,project tracking tool,250,55,7.25,57
159,inventory apps,600,55,4.67,59
160,marketing collaboration software,200,22,11.17,56
161,okr certification,200,16,2.2,3
162,best it management software,200,35,17.24,57
163,value stream mapping tools,250,10,5.51,58
164,agile software development services,400,31,8.06,62
165,product development solutions,250,16,2.6,58
166,best marketing apps,200,63,7.45,58
167,knowledge base tool,250,36,20,58
168,content collaboration tools,350,46,5.63,61
169,best business process management software,400,15,5.63,62
170,marketing project management tools,400,22,14.11,63
171,software for event planners,200,69,11.21,60
172,best website platform for small business,200,40,4.63,61
173,website management services,1500,21,5.4,72
174,job tracking app,300,42,4.07,63
175,lead magic,200,24,12,62
176,top event management software,300,48,5.31,65
177,project management accounting software,250,46,9.96,66
178,event planners software,400,69,17.41,69
179,work schedule app,1700,66,2.95,73
180,social media planners,200,68,3.65,66
181,unlimited starter,200,22,2.37,67
182,kpi tools,250,51,5.51,69
183,best virtual assistant companies,600,59,13.77,73
184,power automate premium,1000,24,3.06,76
185,monday project management software,500,37,6.02,74
186,top project management software,600,60,4.58,6
187,web collaboration tools,200,38,2.77,70
188,company calendar,300,59,6.1,70
189,planning and scheduling software,200,18,8.67,70
190,us mobile unlimited starter,800,12,4.71,78
191,power automate premium license,1100,38,2.46,79
192,schedule apps for work,200,64,5.72,73
193,product roadmap tool,200,38,9.82,72
194,marketing plan software,450,70,3.01,77
195,project management online courses,250,37,6.93,76
196,event scheduling software,300,63,12.39,75
197,coursera sale,350,15,6.18,76
198,production manager software,200,11,3.93,75
199,small business software,1200,54,7.75,80
200,team communication app,450,69,5.85,78
201,event management platforms,450,48,13.33,80
202,microsoft 365 enterprise plans,250,57,2.43,76
203,best review management software,200,15,19.3,77
204,studio management software,300,70,6.5,80
205,rank tracking software that does daily,300,61,9.79,79
206,office communication apps,200,61,9.02,78
207,email management systems,200,27,7.26,78
208,microsoft planner pricing,200,38,2.56,78
209,innovation management tools,200,20,6.33,79
210,mac management software,250,48,13.77,82
211,event management systems,350,65,16.72,84
212,promotion ideas,350,19,2.26,83
213,moving company software,300,47,9.08,86
214,employee productivity software,250,54,16.99,85
215,ai scheduling software,200,57,4.16,84
216,business calendar,1000,56,2.98,88
217,product management certificate,450,39,4.65,88
218,data workflow tools,200,31,8.64,85
219,pmi training,350,42,2.15,87
220,ai project management software,450,55,7.67,90
221,scheduling and planning software,200,43,8.67,89
222,calendar ai,200,48,2.44,89
223,ai scheduling tools,200,38,3.15,89
224,business plan writing services,1100,47,5.25,98
225,management software small business,200,13,3.58,91
226,advertising apps,350,24,8.11,89
227,contact management app,300,26,3.47,93
228,back office software,250,42,8.02,91
229,business process management platform,400,19,7.63,98
230,product roadmap software,600,35,6.46,98
231,project management software client portal,200,54,19.58,94
232,google workspace starter plan,200,22,3.1,94
233,product management tool,450,62,2.57,97
234,workforce management tool,250,30,10,96
235,best scheduling app for small business,500,15,10,100
236,scheduling apps for small business,200,64,10.05,98
237,tracking productivity,200,15,4.62,98
238,construction project management app,200,62,14.92,99
239,event vendor management software,200,69,16.73,100
240,time manager app,400,48,2.14,102
241,best sie exam prep,500,10,2.53,106
242,enterprise event management software,250,65,19.79,104
243,business team,600,23,7.08,53
244,teamwork project management,600,38,4.12,10
245,timedoctor,2000,12,5.93,10
246,project management software reviews,350,55,5.74,52
247,project management academy,1200,35,2.49,16
248,team planner,800,43,7.54,31
249,engagebay,1100,12,15,40
250,iphone forever plan,600,15,2.74,81
251,monday project management,2300,37,6.26,72
252,teamwork pricing,300,12,4,100
253,slack enterprise,1700,60,4.05,101
254,punch list software,350,24,9.79,10
255,commercial construction scheduling software,200,27,20,3
256,inventorying software,200,67,6.17,1
257,inventory control software,1800,43,18.16,1
258,click up reviews,350,13,3.02,3