Rank,Keyword,Current position,Volume,KD,CPC
1,monday project management,72,2300,37,6.26
2,website management services,72,1500,21,5.4
3,employee onboarding software,57,1300,28,11.31
4,inventory tracker,57,1500,48,8.72
5,power automate premium,76,1000,24,3.06
6,us mobile unlimited starter,78,800,12,4.71
7,power automate premium license,79,1100,38,2.46
8,slack enterprise,101,1700,60,4.05
9,business plan writing services,98,1100,47,5.25
10,work schedule app,73,1700,66,2.95
11,small business software,80,1200,54,7.75
12,client management app,57,600,12,8.94
13,iphone forever plan,81,600,15,2.74
14,business team,53,600,23,7.08
15,work schedule maker,60,1500,70,4.03
16,best website design companies for small business,57,500,10,7.42
17,best sie exam prep,106,500,10,2.53
18,business calendar,88,1000,56,2.98
19,best scheduling app for small business,100,500,15,10.0
20,product roadmap software,98,600,35,6.46
21,firefly notetaker,54,500,31,2.2
22,monday project management software,74,500,37,6.02
23,team communication apps,59,500,40,4.37
24,inventory apps,59,600,55,4.67
25,best virtual assistant companies,73,600,59,13.77
